label	group	en	uk
spam	sale	Exclusive clearance: save 65% on electronics this weekend. Activate your personal shopping voucher now.	Ексклюзивний розпродаж: заощадьте 65% на електроніці цими вихідними. Активуйте персональний купон на покупки зараз.
spam	sale	Private outlet access unlocked. Limited stock at special prices. Complete your order before the offer expires.	Доступ до закритого аутлету відкрито. Обмежений запас товарів за спеціальними цінами. Оформіть покупку до завершення акції.
spam	sale	Your regional discount is ready. Join the selected buyers and claim up to 80% off today only.	Ваша регіональна знижка готова. Приєднуйтеся до обраних покупців та отримайте до 80% знижки лише сьогодні.
legitimate	sale	I found the keyboard you wanted on sale. Shall we look at it together after work?	Знайшов клавіатуру, яку ти хотів, зі знижкою. Подивимося її разом після роботи?
legitimate	sale	The shop reduced the price of my shoes after I bought them. I am going to ask for a refund.	Магазин знизив ціну на мої кросівки після покупки. Хочу попросити повернути різницю.
spam	gift	Your number was selected for a surprise gift. Submit your address through the claim form to receive your reward.	Ваш номер обрано для несподіваного подарунка. Залиште адресу у формі отримання, щоб забрати нагороду.
spam	gift	You are on our winners list! A gift package is waiting. Confirm your details to reserve delivery.	Ви у списку переможців! На вас чекає подарунковий набір. Підтвердіть дані, щоб зарезервувати доставку.
spam	gift	A promotional reward has been allocated to your profile. Accept the invitation and unlock your exclusive prize.	Для вашого профілю призначено рекламну винагороду. Прийміть запрошення та відкрийте ексклюзивний приз.
legitimate	gift	We bought a birthday gift for mum. Can you pick up the parcel from the post office?	Ми купили подарунок мамі на день народження. Можеш забрати посилку на пошті?
legitimate	gift	Thanks for the present! Please send me your address so I can return the book you lent me.	Дякую за подарунок! Надішли свою адресу, щоб я повернула книгу, яку ти позичив.
spam	loyalty	Activate your membership today and collect 750 bonus points. This personal invitation expires tonight.	Активуйте участь сьогодні й отримайте 750 бонусних балів. Персональне запрошення закінчується сьогодні ввечері.
spam	loyalty	A limited partner promotion is available for your account. Register now to receive extra cashback on your first purchase.	Для вашого акаунта доступна обмежена партнерська акція. Зареєструйтеся зараз, щоб отримати додатковий кешбек за першу покупку.
spam	loyalty	Members only: your special pricing window closes soon. Follow the activation link to keep your shopping benefits.	Лише для учасників: термін спеціальної ціни скоро закінчиться. Перейдіть за посиланням активації, щоб зберегти переваги покупок.
legitimate	loyalty	I used my loyalty points to buy groceries yesterday. The receipt is in the kitchen drawer.	Я вчора використала бонусні бали на продукти. Чек лежить у кухонній шухляді.
legitimate	loyalty	Could you check whether the cashback for our hotel booking arrived? I cannot find it in the statement.	Можеш перевірити, чи надійшов кешбек за бронювання готелю? Не бачу його у виписці.
spam	trial	Start your complimentary premium trial and receive a welcome bonus. No waiting: activate your offer in seconds.	Розпочніть безкоштовний пробний доступ до преміуму й отримайте вітальний бонус. Без очікування: активуйте пропозицію за секунди.
spam	trial	A free subscription upgrade is reserved for you. Connect today and enjoy special member rewards.	Для вас зарезервовано безкоштовне покращення підписки. Підключіться сьогодні та отримайте спеціальні винагороди учасника.
spam	trial	Try our service at no cost and get 300 credits after activation. Hurry, this invitation is available to selected accounts only.	Спробуйте наш сервіс безкоштовно та отримайте 300 кредитів після активації. Поспішайте: запрошення доступне лише обраним акаунтам.
legitimate	trial	I cancelled the trial yesterday because we no longer need the service. Please check that the payment stopped.	Учора скасував пробний період, бо сервіс нам більше не потрібен. Перевір, будь ласка, що оплату зупинено.
legitimate	trial	The software trial we requested is ready. I have added the installation notes to our project document.	Пробна версія програми, яку ми замовляли, готова. Додав інструкцію встановлення до документа проєкту.
spam	finance	You qualify for instant credit without paperwork. Claim your preapproved loan before midnight.	Вам доступний миттєвий кредит без документів. Отримайте попередньо схвалену позику до опівночі.
spam	finance	Earn guaranteed daily returns with our private investment club. A personal manager will activate your bonus deposit.	Отримуйте гарантований щоденний прибуток у нашому закритому інвестиційному клубі. Персональний менеджер активує бонусний депозит.
spam	finance	Double your savings this week. Join the exclusive trading program and receive a registration reward.	Подвойте заощадження цього тижня. Приєднуйтеся до ексклюзивної торгової програми й отримайте нагороду за реєстрацію.
legitimate	finance	I transferred my share of the rent. Let me know when the money arrives.	Переказав свою частину оренди. Напиши, коли гроші надійдуть.
legitimate	finance	The accountant corrected the invoice and sent the updated payment details in our shared folder.	Бухгалтер виправив рахунок і надіслав оновлені реквізити до нашої спільної папки.
spam	urgency	Final reminder: your personal deal expires in an hour. Finish checkout using the private link to secure the discount.	Останнє нагадування: персональна пропозиція закінчується за годину. Завершіть покупку за приватним посиланням, щоб зберегти знижку.
spam	urgency	Your selected customer status will expire today. Confirm participation to retain access to special purchase conditions.	Статус обраного клієнта закінчується сьогодні. Підтвердіть участь, щоб зберегти доступ до особливих умов покупки.
spam	urgency	Only a few promotional activations remain in your area. Reserve yours now and receive an exclusive discount code.	У вашому районі залишилося лише кілька активацій акції. Зарезервуйте свою зараз та отримайте ексклюзивний промокод.
legitimate	urgency	Please confirm our restaurant booking by five. Otherwise they will give the table to someone else.	Підтверди наше бронювання ресторану до п’ятої. Інакше столик віддадуть іншим.
legitimate	urgency	The registration deadline for our internal workshop is tomorrow. The form is in the company portal.	Завтра закінчується реєстрація на наш внутрішній семінар. Форма є на порталі компанії.
legitimate	work	Here is the revised report from our meeting. I corrected the figures and added a summary.	Ось оновлений звіт із нашої зустрічі. Виправив цифри та додав підсумок.
legitimate	work	Please review the document I shared this morning. Your comments on the last section would help.	Переглянь документ, який я надіслав уранці. Потрібні твої коментарі до останнього розділу.
legitimate	work	The training materials we discussed are in the shared folder. Everyone in our team already has access.	Навчальні матеріали, які ми обговорювали, у спільній папці. Усі члени команди вже мають доступ.
legitimate	work	I attached the updated schedule for next week. Let me know if you need to change your shift.	Прикріпив оновлений графік на наступний тиждень. Напиши, якщо треба змінити свою зміну.
legitimate	personal	Are we still meeting at the station on Saturday? I can bring coffee.	Ми все ще зустрічаємося біля вокзалу в суботу? Можу принести каву.
legitimate	personal	Your parcel is at my place. Come by when you have time.	Твоя посилка у мене. Заходь, коли матимеш час.
legitimate	personal	I booked our tickets for tomorrow. Please bring your passport.	Забронював наші квитки на завтра. Візьми, будь ласка, паспорт.
legitimate	personal	The refund for the cancelled trip arrived. I will send your share tonight.	Повернення за скасовану поїздку надійшло. Увечері надішлю твою частину.
spam	job	Work from your phone for just one hour a day and earn thousands. Contact our recruiter to unlock your starter bonus.	Працюйте з телефона лише годину на день та заробляйте тисячі. Зв’яжіться з рекрутером, щоб отримати стартовий бонус.
spam	job	You have been selected for a paid task program. Register your account and start earning immediately without experience.	Вас обрано для програми оплачуваних завдань. Зареєструйте акаунт і почніть заробляти негайно без досвіду.
legitimate	job	Our team is hiring a designer. You asked me about this role last week, so I am sending the description.	Наша команда шукає дизайнера. Ти питав про цю вакансію минулого тижня, тому надсилаю опис.
legitimate	job	Your interview with our engineering team is scheduled for Tuesday at ten, as we agreed by phone.	Співбесіду з нашою технічною командою призначено на вівторок о десятій, як домовилися телефоном.
